code,type
CB-GITEX-15-WL2CZC,15
CB-GITEX-15-XHDQ7,15
CB-GITEX-15-36AX,15
CB-GITEX-15-URTW8,15
CB-GITEX-15-D9SX6K,15
CB-GITEX-15-S94PCK,15
CB-GITEX-15-YRMQ3,15
CB-GITEX-15-3XG9,15
CB-GITEX-15-CPQK,15
CB-GITEX-15-54FFH,15
CB-GITEX-15-F64NU,15
CB-GITEX-15-LVXKW4,15
CB-GITEX-15-MMMNK,15
CB-GITEX-15-UEWEHA,15
CB-GITEX-15-LKG46,15
CB-GITEX-15-MKZ27,15
CB-GITEX-15-FWV3,15
CB-GITEX-15-QJV3,15
CB-GITEX-15-4HDQ,15
CB-GITEX-15-PJKQ3,15
CB-GITEX-15-D7RDA2,15
CB-GITEX-15-RZWJRC,15
CB-GITEX-15-ZYDR,15
CB-GITEX-15-ASHW,15
CB-GITEX-15-V5XX,15
CB-GITEX-15-HPTDD9,15
CB-GITEX-15-FGV5V,15
CB-GITEX-15-GC3V,15
CB-GITEX-15-U33EXG,15
CB-GITEX-15-665T,15
CB-GITEX-15-GB7AQ5,15
CB-GITEX-15-UPNJP,15
CB-GITEX-15-F5F5U6,15
CB-GITEX-15-6R2ZUX,15
CB-GITEX-15-3N9ET7,15
CB-GITEX-15-XV3J3,15
CB-GITEX-15-S23SC,15
CB-GITEX-15-5NT9H,15
CB-GITEX-15-4ZNRCS,15
CB-GITEX-15-5SWK,15
CB-GITEX-15-PYAU,15
CB-GITEX-15-3HTL,15
CB-GITEX-15-PMCPM,15
CB-GITEX-15-S5ZGC,15
CB-GITEX-15-S7JC,15
CB-GITEX-15-KRJM,15
CB-GITEX-15-6T5L,15
CB-GITEX-15-AERH,15
CB-GITEX-15-T8PX,15
CB-GITEX-15-VSF7QN,15
CB-GITEX-15-JVZZE,15
CB-GITEX-15-SSZ6G,15
CB-GITEX-15-TAHD,15
CB-GITEX-15-LKVHRM,15
CB-GITEX-15-7G3X,15
CB-GITEX-15-5XPG,15
CB-GITEX-15-HC6PZV,15
CB-GITEX-15-E89A5X,15
CB-GITEX-15-RAS6,15
CB-GITEX-15-NNT9U,15
CB-GITEX-15-KDKVC,15
CB-GITEX-15-RCZFZS,15
CB-GITEX-15-RGGQ,15
CB-GITEX-15-QP3G,15
CB-GITEX-15-M3BC,15
CB-GITEX-15-F6ZQ,15
CB-GITEX-15-4W4P,15
CB-GITEX-15-ET9B6L,15
CB-GITEX-15-BWDJ,15
CB-GITEX-15-A9W8DK,15
CB-GITEX-15-GRUZX6,15
CB-GITEX-15-F9PZ3,15
CB-GITEX-15-HANQT,15
CB-GITEX-15-7XZ8,15
CB-GITEX-15-MK94GN,15
CB-GITEX-15-37NU9Q,15
CB-GITEX-15-TZPUJM,15
CB-GITEX-15-KYPRW,15
CB-GITEX-15-43HL,15
CB-GITEX-15-82GXZ,15
CB-GITEX-15-VQ7M5L,15
CB-GITEX-15-QKDX,15
CB-GITEX-15-TQD69S,15
CB-GITEX-15-QSEQN,15
CB-GITEX-15-FGFD2,15
CB-GITEX-15-4BRLEG,15
CB-GITEX-15-VNYB8,15
CB-GITEX-15-Z83ZRP,15
CB-GITEX-15-S8Z6,15
CB-GITEX-15-UG67D3,15
CB-GITEX-15-5Y4P,15
CB-GITEX-15-H6ST,15
CB-GITEX-15-3W3K,15
CB-GITEX-15-DT75Z,15
CB-GITEX-15-4SVTJG,15
CB-GITEX-15-NKA8S,15
CB-GITEX-15-KEWU4P,15
CB-GITEX-15-3397,15
CB-GITEX-15-5ESP4Q,15
CB-GITEX-15-2SZBT,15
CB-GITEX-15-B2ZMS,15
CB-GITEX-15-U43KA,15
CB-GITEX-15-DFKRAC,15
CB-GITEX-15-BRLN,15
CB-GITEX-15-AWZSTE,15
CB-GITEX-15-6ZUV3H,15
CB-GITEX-15-KCPP2Q,15
CB-GITEX-15-43RDBG,15
CB-GITEX-15-59EP,15
CB-GITEX-15-WFWJCL,15
CB-GITEX-15-X563W,15
CB-GITEX-15-EGYXMA,15
CB-GITEX-15-VEMEE,15
CB-GITEX-15-CRDXVZ,15
CB-GITEX-15-VGBFZW,15
CB-GITEX-15-XVSV,15
CB-GITEX-15-JDT2,15
CB-GITEX-15-VJKGH,15
CB-GITEX-15-APH4,15
CB-GITEX-15-QQDFDA,15
CB-GITEX-15-BZULV6,15
CB-GITEX-15-ZANXX,15
CB-GITEX-15-ZRAG8,15
CB-GITEX-15-3NTQZ,15
CB-GITEX-15-JVUSUK,15
CB-GITEX-15-85TMWR,15
CB-GITEX-15-RF2T,15
CB-GITEX-15-HXJR,15
CB-GITEX-15-LLT8,15
CB-GITEX-15-AL6LG,15
CB-GITEX-15-RGFV,15
CB-GITEX-15-ET4784,15
CB-GITEX-15-7X8TCV,15
CB-GITEX-15-FVSN9,15
CB-GITEX-15-M2UXEJ,15
CB-GITEX-15-K5YJG,15
CB-GITEX-15-AS6FS,15
CB-GITEX-15-X2TN,15
CB-GITEX-15-PX9HMF,15
CB-GITEX-15-CQLAA,15
CB-GITEX-15-DX8TB,15
CB-GITEX-15-JRXFY,15
CB-GITEX-15-VJRZ,15
CB-GITEX-15-7M22,15
CB-GITEX-15-L385WW,15
CB-GITEX-15-5NMF7U,15
CB-GITEX-15-3PU6KD,15
CB-GITEX-15-KJ8YSN,15
CB-GITEX-15-AFLJS,15
CB-GITEX-15-FNLG,15
CB-GITEX-15-74DE,15
CB-GITEX-15-JBZKC,15
CB-GITEX-15-BMFDF,15
CB-GITEX-15-VDN5,15
CB-GITEX-15-WL7ZMS,15
CB-GITEX-15-EX8LTH,15
CB-GITEX-15-M8W8,15
CB-GITEX-15-26BPU,15
CB-GITEX-15-VUZX,15
CB-GITEX-15-F2PVR,15
CB-GITEX-15-6VFT,15
CB-GITEX-15-SYYSK,15
CB-GITEX-15-3JE4,15
CB-GITEX-15-FGWZEC,15
CB-GITEX-15-XDXLXQ,15
CB-GITEX-15-BSCYT,15
CB-GITEX-15-GVZT,15
CB-GITEX-15-69X356,15
CB-GITEX-15-A375A,15
CB-GITEX-15-HGZH,15
CB-GITEX-15-4E55H,15
CB-GITEX-15-5YWYU,15
CB-GITEX-15-QT5APW,15
CB-GITEX-15-NAY6R,15
CB-GITEX-15-UTY7Q5,15
CB-GITEX-15-GGK3Q,15
CB-GITEX-15-MEZ4,15
CB-GITEX-15-ZXJCL,15
CB-GITEX-15-Y2WF,15
CB-GITEX-15-K6AQF,15
CB-GITEX-15-3P2K,15
CB-GITEX-15-FGHPCF,15
CB-GITEX-15-LBFH3R,15
CB-GITEX-15-ZJFZPB,15
CB-GITEX-15-Y57RA,15
CB-GITEX-15-7D22,15
CB-GITEX-15-EN3N8,15
CB-GITEX-15-MWHNS8,15
CB-GITEX-15-KUXEZF,15
CB-GITEX-15-RYWZ,15
CB-GITEX-15-CJ4NZ,15
CB-GITEX-15-ZXP5H,15
CB-GITEX-15-KESV9C,15
CB-GITEX-15-GKCLVM,15
CB-GITEX-15-PYCJ,15
CB-GITEX-15-D6M7,15
CB-GITEX-15-A8PY,15
CB-GITEX-15-M25K,15
CB-GITEX-15-93CNW,15
CB-GITEX-15-WLPWM,15
CB-GITEX-15-L4E8S,15
CB-GITEX-15-85KV,15
CB-GITEX-15-PT8YDB,15
CB-GITEX-15-LLTH52,15
CB-GITEX-15-5VJT,15
CB-GITEX-15-WRBX,15
CB-GITEX-15-NEUB8,15
CB-GITEX-15-RYWX,15
CB-GITEX-15-9N8U,15
CB-GITEX-15-2W436,15
CB-GITEX-15-3A8WVM,15
CB-GITEX-15-4S778,15
CB-GITEX-15-XHNPVN,15
CB-GITEX-15-BNGX88,15
CB-GITEX-15-ND7DUU,15
CB-GITEX-15-9EZL,15
CB-GITEX-15-A2TP,15
CB-GITEX-15-UJ36G,15
CB-GITEX-15-XT785X,15
CB-GITEX-15-ASWKR,15
CB-GITEX-15-RQFR3,15
CB-GITEX-15-6SQVTX,15
CB-GITEX-15-9XN8,15
CB-GITEX-15-L774K,15
CB-GITEX-15-JVZEW,15
CB-GITEX-15-4R365M,15
CB-GITEX-15-YC5GT8,15
CB-GITEX-15-SNWXC2,15
CB-GITEX-15-UZMX,15
CB-GITEX-15-WHYWV,15
CB-GITEX-15-DYHEP,15
CB-GITEX-15-YDNEH2,15
CB-GITEX-15-TWJ9,15
CB-GITEX-15-QSYF,15
CB-GITEX-15-N3WBYK,15
CB-GITEX-15-XRV2PH,15
CB-GITEX-15-RD4T,15
CB-GITEX-15-52QHSV,15
CB-GITEX-15-UUCK4,15
CB-GITEX-15-Q75V,15
CB-GITEX-15-C7PR,15
CB-GITEX-15-KNGKUU,15
CB-GITEX-15-QYPN4,15
CB-GITEX-15-KLP8P,15
CB-GITEX-15-MHUMU,15
CB-GITEX-15-RD2N,15
CB-GITEX-15-628AXX,15
CB-GITEX-15-XWB3K,15
CB-GITEX-15-G87K,15
CB-GITEX-15-TBKJ,15
CB-GITEX-15-CRGT2C,15
CB-GITEX-15-WJUT5,15
CB-GITEX-15-CSR3,15
CB-GITEX-15-VDNP,15
CB-GITEX-15-NVAE,15
CB-GITEX-15-5XLT,15
CB-GITEX-15-RTD6,15
CB-GITEX-15-6D49F,15
CB-GITEX-15-F6LP6,15
CB-GITEX-15-KFLJQF,15
CB-GITEX-15-VUX3N,15
CB-GITEX-15-FXVSUK,15
CB-GITEX-15-XX3LPC,15
CB-GITEX-15-V4BE,15
CB-GITEX-15-PVVJ,15
CB-GITEX-15-UDTYRL,15
CB-GITEX-15-GZPPTS,15
CB-GITEX-15-YMEL,15
CB-GITEX-15-EJ4XHD,15
CB-GITEX-15-SS9KU,15
CB-GITEX-15-G3B7,15
CB-GITEX-15-MDZ8,15
CB-GITEX-15-XHUV7A,15
CB-GITEX-15-BFA5V,15
CB-GITEX-15-TUAV,15
CB-GITEX-15-G8QF,15
CB-GITEX-15-5M4ZG,15
CB-GITEX-15-AFM3AA,15
CB-GITEX-15-C4B9TW,15
CB-GITEX-15-JJH46K,15
CB-GITEX-15-5Y8G,15
CB-GITEX-15-UKZA,15
CB-GITEX-15-22343,15
CB-GITEX-15-5NTAX,15
CB-GITEX-15-NHE6RN,15
CB-GITEX-15-L4V8S,15
CB-GITEX-15-TCDR,15
CB-GITEX-15-DSPM,15
CB-GITEX-15-M7FR6,15
CB-GITEX-15-L35FR,15
CB-GITEX-15-WRKNQV,15
CB-GITEX-15-2GTMVW,15
CB-GITEX-15-FC28P,15
CB-GITEX-15-GNTZD,15
CB-GITEX-15-976W9,15
CB-GITEX-15-LH8HP,15
CB-GITEX-15-RAGXQJ,15
CB-GITEX-15-859VT2,15
CB-GITEX-15-3BSMKG,15
CB-GITEX-15-797ZW,15
CB-GITEX-25-7QUR7K,25
CB-GITEX-25-EN5HTX,25
CB-GITEX-25-98FHV,25
CB-GITEX-25-4QNHL,25
CB-GITEX-25-GNEKWB,25
CB-GITEX-25-3BUGF,25
CB-GITEX-25-QAH2N,25
CB-GITEX-25-7GWJ,25
CB-GITEX-25-4QC6X,25
CB-GITEX-25-UJ4B,25
CB-GITEX-25-V7NU,25
CB-GITEX-25-8EBPJ6,25
CB-GITEX-25-KTJL,25
CB-GITEX-25-D8AZCV,25
CB-GITEX-25-8RUL,25
CB-GITEX-25-UX8LC,25
CB-GITEX-25-BJV75,25
CB-GITEX-25-23GR,25
CB-GITEX-25-6FQE57,25
CB-GITEX-25-RL7DD,25
CB-GITEX-25-YLV2,25
CB-GITEX-25-W5R2YX,25
CB-GITEX-25-9XXK,25
CB-GITEX-25-HDU5,25
CB-GITEX-25-8GZET,25
CB-GITEX-25-Q9ZZJ,25
CB-GITEX-25-WKKB5,25
CB-GITEX-25-ZC8B,25
CB-GITEX-25-WND8,25
CB-GITEX-25-A847ZU,25
CB-GITEX-25-V2QY7M,25
CB-GITEX-25-LJZKM,25
CB-GITEX-25-6TTGTY,25
CB-GITEX-25-6FDMQ,25
CB-GITEX-25-A32V,25
CB-GITEX-25-ZSTHF5,25
CB-GITEX-25-6KJHR,25
CB-GITEX-25-ZVNQP,25
CB-GITEX-25-ZGUK8,25
CB-GITEX-25-34QB,25
CB-GITEX-25-G3GSM,25
CB-GITEX-25-2A7R,25
CB-GITEX-25-FQ2T9F,25
CB-GITEX-25-XYYAX,25
CB-GITEX-25-CUL7Q,25
CB-GITEX-25-BL3HQA,25
CB-GITEX-25-XPT6DN,25
CB-GITEX-25-98XE,25
CB-GITEX-25-GB94,25
CB-GITEX-25-JHMND,25
CB-GITEX-25-2ECFDL,25
CB-GITEX-25-33NA,25
CB-GITEX-25-MH3R,25
CB-GITEX-25-P87FP,25
CB-GITEX-25-UVAT,25
CB-GITEX-25-BMKRK,25
CB-GITEX-25-CKDKUB,25
CB-GITEX-25-AHG9JX,25
CB-GITEX-25-Y3SE,25
CB-GITEX-25-P44KR,25
CB-GITEX-25-6SMXW,25
CB-GITEX-25-VJAFU,25
CB-GITEX-25-SA69DY,25
CB-GITEX-25-3QVW,25
CB-GITEX-25-Y6EEBP,25
CB-GITEX-25-FRV2E,25
CB-GITEX-25-3AS8,25
CB-GITEX-25-3WA9XV,25
CB-GITEX-25-PU9PC,25
CB-GITEX-25-3MQV2,25
CB-GITEX-25-VDDDV,25
CB-GITEX-25-2DKLJ,25
CB-GITEX-25-BPAKG,25
CB-GITEX-25-QR7VX,25
CB-GITEX-25-9ENKP,25
CB-GITEX-25-EG2GD,25
CB-GITEX-25-NZ7XZ,25
CB-GITEX-25-MH9HZ,25
CB-GITEX-25-DKJMC,25
CB-GITEX-25-EY8G,25
CB-GITEX-25-5JBNNM,25
CB-GITEX-25-VW75,25
CB-GITEX-25-33C59,25
CB-GITEX-25-Q2ZJ,25
CB-GITEX-25-PGNP,25
CB-GITEX-25-X8DPZ,25
CB-GITEX-25-K2B7ME,25
CB-GITEX-25-KDXBJ,25
CB-GITEX-25-CPEXL,25
CB-GITEX-25-YWWTE,25
CB-GITEX-25-332A4K,25
CB-GITEX-25-4PKZY,25
CB-GITEX-25-H43ZP,25
CB-GITEX-25-6YVYV,25
CB-GITEX-25-7GR4,25
CB-GITEX-25-364NP,25
CB-GITEX-25-GQ4X,25
CB-GITEX-25-X5PH4,25
CB-GITEX-25-UD4B,25
CB-GITEX-25-ANERL,25
CB-GITEX-25-L98CL6,25
CB-GITEX-25-9JNDH9,25
CB-GITEX-25-CTDD,25
CB-GITEX-25-36Y24,25
CB-GITEX-25-RY3DV,25
CB-GITEX-25-VQF7,25
CB-GITEX-25-JTQ8,25
CB-GITEX-25-24Y9Y,25
CB-GITEX-25-5H2MJU,25
CB-GITEX-25-F8L2,25
CB-GITEX-25-HNJA53,25
CB-GITEX-25-9NHG9,25
CB-GITEX-25-RQ8SG,25
CB-GITEX-25-MB54,25
CB-GITEX-25-43RC5,25
CB-GITEX-25-2LES,25
CB-GITEX-25-SQVBW,25
CB-GITEX-25-XNTY,25
CB-GITEX-25-8CEDXQ,25
CB-GITEX-25-M629TM,25
CB-GITEX-25-9EBUFC,25
CB-GITEX-25-6MUSS3,25
CB-GITEX-25-FAEN,25
CB-GITEX-25-D8UYYQ,25
CB-GITEX-25-RWB8,25
CB-GITEX-25-8S7M,25
CB-GITEX-25-GRWTT,25
CB-GITEX-25-MNT2RA,25
CB-GITEX-25-NHQJ,25
CB-GITEX-25-5BQ8,25
CB-GITEX-25-H5UT,25
CB-GITEX-25-T78M,25
CB-GITEX-25-44JEY5,25
CB-GITEX-25-GSRA2,25
CB-GITEX-25-GHC7,25
CB-GITEX-25-79S4,25
CB-GITEX-25-32LV,25
CB-GITEX-25-WJ49,25
CB-GITEX-25-K9VU2,25
CB-GITEX-25-S9NY,25
CB-GITEX-25-DEDPZ,25
CB-GITEX-25-34YY,25
CB-GITEX-25-9RENB,25
CB-GITEX-25-NC5HZ4,25
CB-GITEX-25-X8V8CG,25
CB-GITEX-25-8P5Z64,25
CB-GITEX-25-4JMR,25
CB-GITEX-25-8WMY3,25
CB-GITEX-25-MDQU,25
CB-GITEX-25-LXRYQ,25
CB-GITEX-25-TWMVZ5,25
CB-GITEX-25-GP3WGZ,25
CB-GITEX-25-BWNB,25
CB-GITEX-25-73NCM,25
CB-GITEX-25-4GH8,25
CB-GITEX-25-JWP3,25
CB-GITEX-25-NLLT,25
CB-GITEX-25-TKUXU,25
CB-GITEX-25-V64R5A,25
CB-GITEX-25-K7NQV,25
CB-GITEX-25-DUX4BB,25
CB-GITEX-25-XU48,25
CB-GITEX-25-4RZR,25
CB-GITEX-25-P68MPS,25
CB-GITEX-25-K6AUS6,25
CB-GITEX-25-WB22R6,25
CB-GITEX-25-7VP7G,25
CB-GITEX-25-EQP7,25
CB-GITEX-25-A5WE,25
CB-GITEX-25-C44PTV,25
CB-GITEX-25-PX98BM,25
CB-GITEX-25-35EMZ,25
CB-GITEX-25-2N93,25
CB-GITEX-25-NQJ3H,25
CB-GITEX-25-DZE7BS,25
CB-GITEX-25-XFMN2D,25
CB-GITEX-25-EGME,25
CB-GITEX-25-UM8SX,25
CB-GITEX-25-VZ73CQ,25
CB-GITEX-25-KJWZ,25
CB-GITEX-25-J7WEQK,25
CB-GITEX-25-RJJQ,25
CB-GITEX-25-5SC3A,25
CB-GITEX-25-BCAJBD,25
CB-GITEX-25-FUM9,25
CB-GITEX-25-FZDVF,25
CB-GITEX-25-956TU6,25
CB-GITEX-25-Z6EH,25
CB-GITEX-25-X37HD7,25
CB-GITEX-25-M6X3,25
CB-GITEX-25-7FLZSX,25
CB-GITEX-25-ZF8Y,25
CB-GITEX-25-PDJYV,25
CB-GITEX-25-3AVP8,25
CB-GITEX-25-8AJ9T,25
CB-GITEX-25-NTYA,25
CB-GITEX-25-EJ6AUZ,25
CB-GITEX-25-C3Z2Z,25
CB-GITEX-25-CSE9F,25
CB-GITEX-25-6MTD5,25
CB-GITEX-25-GTX4,25
CB-GITEX-25-7QSFGG,25
CB-GITEX-25-Y88UG,25
CB-GITEX-25-PJXL,25
CB-GITEX-25-MJQW9,25
CB-GITEX-25-SWK9,25
CB-GITEX-25-C74NB9,25
CB-GITEX-25-XGBWZJ,25
CB-GITEX-25-NCVS4K,25
CB-GITEX-25-VNDM6,25
CB-GITEX-25-J945,25
CB-GITEX-25-BSK6,25
CB-GITEX-25-VK2ZNB,25
CB-GITEX-25-Z63X,25
CB-GITEX-25-L5HT,25
CB-GITEX-25-PP58,25
CB-GITEX-25-WTCGQ,25
CB-GITEX-25-KGGF,25
CB-GITEX-25-RB6LJ,25
CB-GITEX-25-9UQH,25
CB-GITEX-25-8U4BFW,25
CB-GITEX-25-C4TBV,25
CB-GITEX-25-YKEE2,25
CB-GITEX-25-MCXTF,25
CB-GITEX-25-7KF3R,25
CB-GITEX-25-V25QR,25
CB-GITEX-25-98R7DH,25
CB-GITEX-25-XQW9W,25
CB-GITEX-25-DQB58,25
CB-GITEX-25-GJ3K98,25
CB-GITEX-25-QNU2QY,25
CB-GITEX-25-V5GRE,25
CB-GITEX-25-WDAMQ,25
CB-GITEX-25-EH4MY2,25
CB-GITEX-25-5QT2WH,25
CB-GITEX-25-7APV2U,25
CB-GITEX-25-9J2LS6,25
CB-GITEX-25-SFWSB,25
CB-GITEX-25-QG5L,25
CB-GITEX-25-TCA8,25
CB-GITEX-25-ZAXTL,25
CB-GITEX-25-PYSG,25
CB-GITEX-25-ZAC3A,25
CB-GITEX-25-P847D,25
CB-GITEX-25-YATVE,25
CB-GITEX-25-GH37NG,25
CB-GITEX-25-L7MQU,25
CB-GITEX-25-GEFCR,25
CB-GITEX-25-JZ6R4,25
CB-GITEX-25-VEY33,25
CB-GITEX-25-Y2HBD,25
CB-GITEX-25-FMGB,25
CB-GITEX-25-78M5L,25
CB-GITEX-25-QUU5,25
CB-GITEX-25-Q49DS,25
CB-GITEX-25-HX9G,25
CB-GITEX-25-MEEB,25
CB-GITEX-25-V6JJD,25
CB-GITEX-25-W7R5,25
CB-GITEX-25-DSFP,25
CB-GITEX-25-L5RV,25
CB-GITEX-25-E265,25
CB-GITEX-25-UCGP6,25
CB-GITEX-25-RFHC,25
CB-GITEX-25-VLEBZ4,25
CB-GITEX-25-78H6A5,25
CB-GITEX-25-YQTX,25
CB-GITEX-25-P4VDT9,25
CB-GITEX-25-XBRT4J,25
CB-GITEX-25-WYZ6,25
CB-GITEX-25-EB2Z,25
CB-GITEX-25-TUUND6,25
CB-GITEX-25-NQDNM,25
CB-GITEX-25-LRAH9,25
CB-GITEX-25-72RHC,25
CB-GITEX-25-ZQWWH,25
CB-GITEX-25-H28YM,25
CB-GITEX-25-ZL3R2,25
CB-GITEX-25-WEF8P,25
CB-GITEX-25-FMA9,25
CB-GITEX-25-HRBW5,25
CB-GITEX-25-8SFK5M,25
CB-GITEX-25-SKLJT,25
CB-GITEX-25-78BJ,25
CB-GITEX-25-SNKJ,25
CB-GITEX-25-VEQLBJ,25
CB-GITEX-25-HRWDG,25
CB-GITEX-25-LFSZF4,25
CB-GITEX-25-LKR3S,25
CB-GITEX-25-K24T,25
CB-GITEX-25-YQDU,25
CB-GITEX-25-G6KY9V,25
CB-GITEX-25-F7ER,25
CB-GITEX-25-U5YP,25
CB-GITEX-25-FPE88,25
CB-GITEX-25-ES2262,25
CB-GITEX-25-KYZM,25
CB-GITEX-25-PHS9D,25
CB-GITEX-25-93L5,25
CB-GITEX-25-AJ5ZR9,25